gene,mean_expression,treatment,source_file,n_ec_cells
Cldn5,4.046015322346654,Sham,GSM7060815_Brain_GR180716_metadata.csv.gz,546
Pecam1,0.6683994139205385,Sham,GSM7060815_Brain_GR180716_metadata.csv.gz,546
Cdh5,0.36300324824870717,Sham,GSM7060815_Brain_GR180716_metadata.csv.gz,546
Kdr,0.25075436038953225,Sham,GSM7060815_Brain_GR180716_metadata.csv.gz,546
Flt1,3.5385279400812117,Sham,GSM7060815_Brain_GR180716_metadata.csv.gz,546
Tek,0.3273220641382826,Sham,GSM7060815_Brain_GR180716_metadata.csv.gz,546
Slc2a1,1.3999746074177304,Sham,GSM7060815_Brain_GR180716_metadata.csv.gz,546
Mfsd2a,0.21698865897510264,Sham,GSM7060815_Brain_GR180716_metadata.csv.gz,546
Abcb1a,1.265739218626364,Sham,GSM7060815_Brain_GR180716_metadata.csv.gz,546
Abcg2,0.5922966189417302,Sham,GSM7060815_Brain_GR180716_metadata.csv.gz,546
Tfrc,0.24267379833881092,Sham,GSM7060815_Brain_GR180716_metadata.csv.gz,546
Slc7a5,0.2379169705513725,Sham,GSM7060815_Brain_GR180716_metadata.csv.gz,546
Vwf,0.10888638508623642,Sham,GSM7060815_Brain_GR180716_metadata.csv.gz,546
Cav1,0.37081655229996213,Sham,GSM7060815_Brain_GR180716_metadata.csv.gz,546
Plvap,0.06942096737916437,Sham,GSM7060815_Brain_GR180716_metadata.csv.gz,546
Ptprc,4.351254823021632e-18,Sham,GSM7060815_Brain_GR180716_metadata.csv.gz,546
Aif1,3.289344945748536e-14,Sham,GSM7060815_Brain_GR180716_metadata.csv.gz,546
Pdgfrb,0.0,Sham,GSM7060815_Brain_GR180716_metadata.csv.gz,546
Rgs5,0.06624366307065985,Sham,GSM7060815_Brain_GR180716_metadata.csv.gz,546
Gfap,0.0,Sham,GSM7060815_Brain_GR180716_metadata.csv.gz,546
Cldn5,1.6327888580117593,Sham,GSM7060816_Brain_GR181128_metadata.csv.gz,617
Pecam1,0.3440514839880006,Sham,GSM7060816_Brain_GR181128_metadata.csv.gz,617
Cdh5,0.10794741258540473,Sham,GSM7060816_Brain_GR181128_metadata.csv.gz,617
Kdr,0.16402273722635466,Sham,GSM7060816_Brain_GR181128_metadata.csv.gz,617
Flt1,1.884346715918159,Sham,GSM7060816_Brain_GR181128_metadata.csv.gz,617
Tek,0.20409105277095504,Sham,GSM7060816_Brain_GR181128_metadata.csv.gz,617
Slc2a1,0.6163085837492439,Sham,GSM7060816_Brain_GR181128_metadata.csv.gz,617
Mfsd2a,0.08372098839956636,Sham,GSM7060816_Brain_GR181128_metadata.csv.gz,617
Abcb1a,1.1733778197935503,Sham,GSM7060816_Brain_GR181128_metadata.csv.gz,617
Abcg2,0.4758116417750843,Sham,GSM7060816_Brain_GR181128_metadata.csv.gz,617
Tfrc,0.17004658367552425,Sham,GSM7060816_Brain_GR181128_metadata.csv.gz,617
Slc7a5,0.0511662387374513,Sham,GSM7060816_Brain_GR181128_metadata.csv.gz,617
Vwf,0.028840463685565185,Sham,GSM7060816_Brain_GR181128_metadata.csv.gz,617
Cav1,0.09651901988202262,Sham,GSM7060816_Brain_GR181128_metadata.csv.gz,617
Plvap,0.024034984772062264,Sham,GSM7060816_Brain_GR181128_metadata.csv.gz,617
Ptprc,8.167150000664285e-18,Sham,GSM7060816_Brain_GR181128_metadata.csv.gz,617
Aif1,3.390836294916361e-11,Sham,GSM7060816_Brain_GR181128_metadata.csv.gz,617
Pdgfrb,0.0,Sham,GSM7060816_Brain_GR181128_metadata.csv.gz,617
Rgs5,0.2324300079989588,Sham,GSM7060816_Brain_GR181128_metadata.csv.gz,617
Gfap,0.0,Sham,GSM7060816_Brain_GR181128_metadata.csv.gz,617
Cldn5,1.3143455005556304,Sham,GSM7060817_Brain_GR181212_metadata.csv.gz,321
Pecam1,0.2377475365087954,Sham,GSM7060817_Brain_GR181212_metadata.csv.gz,321
Cdh5,0.08038953033830266,Sham,GSM7060817_Brain_GR181212_metadata.csv.gz,321
Kdr,0.22300137065842246,Sham,GSM7060817_Brain_GR181212_metadata.csv.gz,321
Flt1,1.9696949039661422,Sham,GSM7060817_Brain_GR181212_metadata.csv.gz,321
Tek,0.19813399077609672,Sham,GSM7060817_Brain_GR181212_metadata.csv.gz,321
Slc2a1,0.39373609142783517,Sham,GSM7060817_Brain_GR181212_metadata.csv.gz,321
Mfsd2a,0.0901430845902035,Sham,GSM7060817_Brain_GR181212_metadata.csv.gz,321
Abcb1a,1.1670766172210578,Sham,GSM7060817_Brain_GR181212_metadata.csv.gz,321
Abcg2,0.3552056849843626,Sham,GSM7060817_Brain_GR181212_metadata.csv.gz,321
Tfrc,0.3461468632770961,Sham,GSM7060817_Brain_GR181212_metadata.csv.gz,321
Slc7a5,0.04023023955854533,Sham,GSM7060817_Brain_GR181212_metadata.csv.gz,321
Vwf,0.031020383384923272,Sham,GSM7060817_Brain_GR181212_metadata.csv.gz,321
Cav1,0.13630034416378844,Sham,GSM7060817_Brain_GR181212_metadata.csv.gz,321
Plvap,0.0,Sham,GSM7060817_Brain_GR181212_metadata.csv.gz,321
Ptprc,5.392876462956262e-18,Sham,GSM7060817_Brain_GR181212_metadata.csv.gz,321
Aif1,2.875386504568373e-15,Sham,GSM7060817_Brain_GR181212_metadata.csv.gz,321
Pdgfrb,0.0,Sham,GSM7060817_Brain_GR181212_metadata.csv.gz,321
Rgs5,0.19197270407651995,Sham,GSM7060817_Brain_GR181212_metadata.csv.gz,321
Gfap,0.0,Sham,GSM7060817_Brain_GR181212_metadata.csv.gz,321
Cldn5,0.86781494833723,Sham,GSM7060818_Brain_GR190110_metadata.csv.gz,295
Pecam1,0.2464393942341964,Sham,GSM7060818_Brain_GR190110_metadata.csv.gz,295
Cdh5,0.07606358087775883,Sham,GSM7060818_Brain_GR190110_metadata.csv.gz,295
Kdr,0.22049553574316874,Sham,GSM7060818_Brain_GR190110_metadata.csv.gz,295
Flt1,1.7066265765829391,Sham,GSM7060818_Brain_GR190110_metadata.csv.gz,295
Tek,0.22295851375048606,Sham,GSM7060818_Brain_GR190110_metadata.csv.gz,295
Slc2a1,0.2933124792821395,Sham,GSM7060818_Brain_GR190110_metadata.csv.gz,295
Mfsd2a,0.05927065810349057,Sham,GSM7060818_Brain_GR190110_metadata.csv.gz,295
Abcb1a,0.9713745731977274,Sham,GSM7060818_Brain_GR190110_metadata.csv.gz,295
Abcg2,0.341942695021069,Sham,GSM7060818_Brain_GR190110_metadata.csv.gz,295
Tfrc,0.27547290815325187,Sham,GSM7060818_Brain_GR190110_metadata.csv.gz,295
Slc7a5,0.04883214875674357,Sham,GSM7060818_Brain_GR190110_metadata.csv.gz,295
Vwf,0.029674485384849795,Sham,GSM7060818_Brain_GR190110_metadata.csv.gz,295
Cav1,0.10343279714185767,Sham,GSM7060818_Brain_GR190110_metadata.csv.gz,295
Plvap,0.09769031952618357,Sham,GSM7060818_Brain_GR190110_metadata.csv.gz,295
Ptprc,0.013182757492438014,Sham,GSM7060818_Brain_GR190110_metadata.csv.gz,295
Aif1,0.013502252873658355,Sham,GSM7060818_Brain_GR190110_metadata.csv.gz,295
Pdgfrb,0.0,Sham,GSM7060818_Brain_GR190110_metadata.csv.gz,295
Rgs5,0.15342104291378075,Sham,GSM7060818_Brain_GR190110_metadata.csv.gz,295
Gfap,0.0,Sham,GSM7060818_Brain_GR190110_metadata.csv.gz,295
Cldn5,4.1338538520288886,D02,GSM7060819_Brain_GR180426_metadata.csv.gz,360
Pecam1,1.531881883177146,D02,GSM7060819_Brain_GR180426_metadata.csv.gz,360
Cdh5,0.6537039915039601,D02,GSM7060819_Brain_GR180426_metadata.csv.gz,360
Kdr,0.8236745504718821,D02,GSM7060819_Brain_GR180426_metadata.csv.gz,360
Flt1,2.8617195660953145,D02,GSM7060819_Brain_GR180426_metadata.csv.gz,360
Tek,0.5972580443342244,D02,GSM7060819_Brain_GR180426_metadata.csv.gz,360
Slc2a1,1.7939422935353035,D02,GSM7060819_Brain_GR180426_metadata.csv.gz,360
Mfsd2a,0.15494861705732615,D02,GSM7060819_Brain_GR180426_metadata.csv.gz,360
Abcb1a,1.1611417821379924,D02,GSM7060819_Brain_GR180426_metadata.csv.gz,360
Abcg2,0.7286088014560219,D02,GSM7060819_Brain_GR180426_metadata.csv.gz,360
Tfrc,0.2556900701616657,D02,GSM7060819_Brain_GR180426_metadata.csv.gz,360
Slc7a5,0.15148970366983536,D02,GSM7060819_Brain_GR180426_metadata.csv.gz,360
Vwf,0.42549541188138845,D02,GSM7060819_Brain_GR180426_metadata.csv.gz,360
Cav1,0.6531458077383632,D02,GSM7060819_Brain_GR180426_metadata.csv.gz,360
Plvap,0.11346151710130524,D02,GSM7060819_Brain_GR180426_metadata.csv.gz,360
Ptprc,3.869369567150804e-17,D02,GSM7060819_Brain_GR180426_metadata.csv.gz,360
Aif1,1.930834080888389e-17,D02,GSM7060819_Brain_GR180426_metadata.csv.gz,360
Pdgfrb,0.0,D02,GSM7060819_Brain_GR180426_metadata.csv.gz,360
Rgs5,0.12589417665922506,D02,GSM7060819_Brain_GR180426_metadata.csv.gz,360
Gfap,0.0,D02,GSM7060819_Brain_GR180426_metadata.csv.gz,360
Cldn5,1.9059787955786782,D02,GSM7060820_Brain_GR180614_metadata.csv.gz,458
Pecam1,0.7812374851477358,D02,GSM7060820_Brain_GR180614_metadata.csv.gz,458
Cdh5,0.2172292966529481,D02,GSM7060820_Brain_GR180614_metadata.csv.gz,458
Kdr,0.3010837898780489,D02,GSM7060820_Brain_GR180614_metadata.csv.gz,458
Flt1,1.5362508242714212,D02,GSM7060820_Brain_GR180614_metadata.csv.gz,458
Tek,0.2271635839822795,D02,GSM7060820_Brain_GR180614_metadata.csv.gz,458
Slc2a1,0.7899551343873664,D02,GSM7060820_Brain_GR180614_metadata.csv.gz,458
Mfsd2a,0.04109492720281385,D02,GSM7060820_Brain_GR180614_metadata.csv.gz,458
Abcb1a,0.49372289111148115,D02,GSM7060820_Brain_GR180614_metadata.csv.gz,458
Abcg2,0.40224802132317666,D02,GSM7060820_Brain_GR180614_metadata.csv.gz,458
Tfrc,0.16524011591810872,D02,GSM7060820_Brain_GR180614_metadata.csv.gz,458
Slc7a5,0.1037733692251661,D02,GSM7060820_Brain_GR180614_metadata.csv.gz,458
Vwf,0.13759317572746294,D02,GSM7060820_Brain_GR180614_metadata.csv.gz,458
Cav1,0.16511594121928638,D02,GSM7060820_Brain_GR180614_metadata.csv.gz,458
Plvap,0.0912113586913481,D02,GSM7060820_Brain_GR180614_metadata.csv.gz,458
Ptprc,2.8325093023391117e-18,D02,GSM7060820_Brain_GR180614_metadata.csv.gz,458
Aif1,6.824273043237123e-18,D02,GSM7060820_Brain_GR180614_metadata.csv.gz,458
Pdgfrb,0.0,D02,GSM7060820_Brain_GR180614_metadata.csv.gz,458
Rgs5,0.035922646006477085,D02,GSM7060820_Brain_GR180614_metadata.csv.gz,458
Gfap,0.002166834357603919,D02,GSM7060820_Brain_GR180614_metadata.csv.gz,458
Cldn5,3.1924581923608133,D02,GSM7060821_Brain_GR180919_metadata.csv.gz,502
Pecam1,0.6306186712511368,D02,GSM7060821_Brain_GR180919_metadata.csv.gz,502
Cdh5,0.1905228546315138,D02,GSM7060821_Brain_GR180919_metadata.csv.gz,502
Kdr,0.33875805136635395,D02,GSM7060821_Brain_GR180919_metadata.csv.gz,502
Flt1,1.6095927503936456,D02,GSM7060821_Brain_GR180919_metadata.csv.gz,502
Tek,0.31113533482457645,D02,GSM7060821_Brain_GR180919_metadata.csv.gz,502
Slc2a1,0.8122015222944089,D02,GSM7060821_Brain_GR180919_metadata.csv.gz,502
Mfsd2a,0.15101920028805305,D02,GSM7060821_Brain_GR180919_metadata.csv.gz,502
Abcb1a,0.7544491014180285,D02,GSM7060821_Brain_GR180919_metadata.csv.gz,502
Abcg2,0.6787497026983141,D02,GSM7060821_Brain_GR180919_metadata.csv.gz,502
Tfrc,0.18813192294579248,D02,GSM7060821_Brain_GR180919_metadata.csv.gz,502
Slc7a5,0.08104955131896921,D02,GSM7060821_Brain_GR180919_metadata.csv.gz,502
Vwf,0.1760840344000705,D02,GSM7060821_Brain_GR180919_metadata.csv.gz,502
Cav1,0.18249546466687747,D02,GSM7060821_Brain_GR180919_metadata.csv.gz,502
Plvap,0.037427360888913686,D02,GSM7060821_Brain_GR180919_metadata.csv.gz,502
Ptprc,2.86318413348172e-16,D02,GSM7060821_Brain_GR180919_metadata.csv.gz,502
Aif1,2.136974791455511e-17,D02,GSM7060821_Brain_GR180919_metadata.csv.gz,502
Pdgfrb,0.0,D02,GSM7060821_Brain_GR180919_metadata.csv.gz,502
Rgs5,0.16449975792896968,D02,GSM7060821_Brain_GR180919_metadata.csv.gz,502
Gfap,0.0,D02,GSM7060821_Brain_GR180919_metadata.csv.gz,502
Cldn5,2.290709154578587,D02,GSM7060822_Brain_GR181024_metadata.csv.gz,1171
Pecam1,0.4682070198796321,D02,GSM7060822_Brain_GR181024_metadata.csv.gz,1171
Cdh5,0.10931550056065385,D02,GSM7060822_Brain_GR181024_metadata.csv.gz,1171
Kdr,0.1516955932303517,D02,GSM7060822_Brain_GR181024_metadata.csv.gz,1171
Flt1,1.1165314906061543,D02,GSM7060822_Brain_GR181024_metadata.csv.gz,1171
Tek,0.17271639016408183,D02,GSM7060822_Brain_GR181024_metadata.csv.gz,1171
Slc2a1,0.7140168782387017,D02,GSM7060822_Brain_GR181024_metadata.csv.gz,1171
Mfsd2a,0.10029645243595518,D02,GSM7060822_Brain_GR181024_metadata.csv.gz,1171
Abcb1a,0.5167174816770317,D02,GSM7060822_Brain_GR181024_metadata.csv.gz,1171
Abcg2,0.5227017318916621,D02,GSM7060822_Brain_GR181024_metadata.csv.gz,1171
Tfrc,0.13695057685603523,D02,GSM7060822_Brain_GR181024_metadata.csv.gz,1171
Slc7a5,0.05919813853340747,D02,GSM7060822_Brain_GR181024_metadata.csv.gz,1171
Vwf,0.09130227636119939,D02,GSM7060822_Brain_GR181024_metadata.csv.gz,1171
Cav1,0.16402968879147098,D02,GSM7060822_Brain_GR181024_metadata.csv.gz,1171
Plvap,0.015206358000114419,D02,GSM7060822_Brain_GR181024_metadata.csv.gz,1171
Ptprc,9.935910372615385e-18,D02,GSM7060822_Brain_GR181024_metadata.csv.gz,1171
Aif1,3.007255429890291e-17,D02,GSM7060822_Brain_GR181024_metadata.csv.gz,1171
Pdgfrb,0.0,D02,GSM7060822_Brain_GR181024_metadata.csv.gz,1171
Rgs5,0.04442959619346828,D02,GSM7060822_Brain_GR181024_metadata.csv.gz,1171
Gfap,0.0007876689965119906,D02,GSM7060822_Brain_GR181024_metadata.csv.gz,1171
Cldn5,4.605087354095593,D14,GSM7060823_Brain_GR180125_metadata.csv.gz,674
Pecam1,0.6885984228268143,D14,GSM7060823_Brain_GR180125_metadata.csv.gz,674
Cdh5,0.35769708943113965,D14,GSM7060823_Brain_GR180125_metadata.csv.gz,674
Kdr,0.5411734911360582,D14,GSM7060823_Brain_GR180125_metadata.csv.gz,674
Flt1,3.1194248359313717,D14,GSM7060823_Brain_GR180125_metadata.csv.gz,674
Tek,0.5696707085000449,D14,GSM7060823_Brain_GR180125_metadata.csv.gz,674
Slc2a1,0.9088340935805416,D14,GSM7060823_Brain_GR180125_metadata.csv.gz,674
Mfsd2a,0.26013260342175154,D14,GSM7060823_Brain_GR180125_metadata.csv.gz,674
Abcb1a,2.015305449462551,D14,GSM7060823_Brain_GR180125_metadata.csv.gz,674
Abcg2,0.7970491324028206,D14,GSM7060823_Brain_GR180125_metadata.csv.gz,674
Tfrc,0.6127719697495324,D14,GSM7060823_Brain_GR180125_metadata.csv.gz,674
Slc7a5,0.18670213594258614,D14,GSM7060823_Brain_GR180125_metadata.csv.gz,674
Vwf,0.09753914451283566,D14,GSM7060823_Brain_GR180125_metadata.csv.gz,674
Cav1,0.3367538919525088,D14,GSM7060823_Brain_GR180125_metadata.csv.gz,674
Plvap,0.08734679804869197,D14,GSM7060823_Brain_GR180125_metadata.csv.gz,674
Ptprc,1.809634449731594e-17,D14,GSM7060823_Brain_GR180125_metadata.csv.gz,674
Aif1,2.194226973301033e-13,D14,GSM7060823_Brain_GR180125_metadata.csv.gz,674
Pdgfrb,0.0,D14,GSM7060823_Brain_GR180125_metadata.csv.gz,674
Rgs5,0.19120554798987527,D14,GSM7060823_Brain_GR180125_metadata.csv.gz,674
Gfap,0.0,D14,GSM7060823_Brain_GR180125_metadata.csv.gz,674
Cldn5,3.4043863587841154,D14,GSM7060824_Brain_GR180613_metadata.csv.gz,319
Pecam1,0.5586794151869211,D14,GSM7060824_Brain_GR180613_metadata.csv.gz,319
Cdh5,0.1706954754612968,D14,GSM7060824_Brain_GR180613_metadata.csv.gz,319
Kdr,0.4579390293401209,D14,GSM7060824_Brain_GR180613_metadata.csv.gz,319
Flt1,3.0359596665784174,D14,GSM7060824_Brain_GR180613_metadata.csv.gz,319
Tek,0.3963678232281561,D14,GSM7060824_Brain_GR180613_metadata.csv.gz,319
Slc2a1,0.7329112671100776,D14,GSM7060824_Brain_GR180613_metadata.csv.gz,319
Mfsd2a,0.16247344624984636,D14,GSM7060824_Brain_GR180613_metadata.csv.gz,319
Abcb1a,1.5142288399373094,D14,GSM7060824_Brain_GR180613_metadata.csv.gz,319
Abcg2,0.501745444889429,D14,GSM7060824_Brain_GR180613_metadata.csv.gz,319
Tfrc,0.27700097465902496,D14,GSM7060824_Brain_GR180613_metadata.csv.gz,319
Slc7a5,0.1900189056465995,D14,GSM7060824_Brain_GR180613_metadata.csv.gz,319
Vwf,0.10301802300168734,D14,GSM7060824_Brain_GR180613_metadata.csv.gz,319
Cav1,0.2655228178942231,D14,GSM7060824_Brain_GR180613_metadata.csv.gz,319
Plvap,0.17200173226341872,D14,GSM7060824_Brain_GR180613_metadata.csv.gz,319
Ptprc,6.56075523399511e-18,D14,GSM7060824_Brain_GR180613_metadata.csv.gz,319
Aif1,2.285576915812358e-10,D14,GSM7060824_Brain_GR180613_metadata.csv.gz,319
Pdgfrb,0.0,D14,GSM7060824_Brain_GR180613_metadata.csv.gz,319
Rgs5,0.05234753057456767,D14,GSM7060824_Brain_GR180613_metadata.csv.gz,319
Gfap,0.0,D14,GSM7060824_Brain_GR180613_metadata.csv.gz,319
Cldn5,4.436101989337502,D14,GSM7060825_Brain_GR180905_metadata.csv.gz,300
Pecam1,0.6252155120899869,D14,GSM7060825_Brain_GR180905_metadata.csv.gz,300
Cdh5,0.19629544944491384,D14,GSM7060825_Brain_GR180905_metadata.csv.gz,300
Kdr,0.3194036430306991,D14,GSM7060825_Brain_GR180905_metadata.csv.gz,300
Flt1,2.69788060668257,D14,GSM7060825_Brain_GR180905_metadata.csv.gz,300
Tek,0.41937519502856924,D14,GSM7060825_Brain_GR180905_metadata.csv.gz,300
Slc2a1,0.715358996211969,D14,GSM7060825_Brain_GR180905_metadata.csv.gz,300
Mfsd2a,0.21301261983842107,D14,GSM7060825_Brain_GR180905_metadata.csv.gz,300
Abcb1a,1.2145806127977825,D14,GSM7060825_Brain_GR180905_metadata.csv.gz,300
Abcg2,0.8149312746169759,D14,GSM7060825_Brain_GR180905_metadata.csv.gz,300
Tfrc,0.4457779188443363,D14,GSM7060825_Brain_GR180905_metadata.csv.gz,300
Slc7a5,0.1631238272948419,D14,GSM7060825_Brain_GR180905_metadata.csv.gz,300
Vwf,0.06987822626904622,D14,GSM7060825_Brain_GR180905_metadata.csv.gz,300
Cav1,0.31970697864406084,D14,GSM7060825_Brain_GR180905_metadata.csv.gz,300
Plvap,0.006338357692754126,D14,GSM7060825_Brain_GR180905_metadata.csv.gz,300
Ptprc,3.4769879327197448e-15,D14,GSM7060825_Brain_GR180905_metadata.csv.gz,300
Aif1,7.774335187597584e-17,D14,GSM7060825_Brain_GR180905_metadata.csv.gz,300
Pdgfrb,0.0,D14,GSM7060825_Brain_GR180905_metadata.csv.gz,300
Rgs5,0.19210827582957635,D14,GSM7060825_Brain_GR180905_metadata.csv.gz,300
Gfap,0.0,D14,GSM7060825_Brain_GR180905_metadata.csv.gz,300
Cldn5,1.4049487399920764,D14,GSM7060826_Brain_GR181114_metadata.csv.gz,317
Pecam1,0.2416632249451986,D14,GSM7060826_Brain_GR181114_metadata.csv.gz,317
Cdh5,0.09419850907255174,D14,GSM7060826_Brain_GR181114_metadata.csv.gz,317
Kdr,0.1845846732847364,D14,GSM7060826_Brain_GR181114_metadata.csv.gz,317
Flt1,1.8485996610164332,D14,GSM7060826_Brain_GR181114_metadata.csv.gz,317
Tek,0.22905943994831282,D14,GSM7060826_Brain_GR181114_metadata.csv.gz,317
Slc2a1,0.2572238277261434,D14,GSM7060826_Brain_GR181114_metadata.csv.gz,317
Mfsd2a,0.11225532198016726,D14,GSM7060826_Brain_GR181114_metadata.csv.gz,317
Abcb1a,0.8505633034061434,D14,GSM7060826_Brain_GR181114_metadata.csv.gz,317
Abcg2,0.3199090110605944,D14,GSM7060826_Brain_GR181114_metadata.csv.gz,317
Tfrc,0.27877674377915895,D14,GSM7060826_Brain_GR181114_metadata.csv.gz,317
Slc7a5,0.07858052079861913,D14,GSM7060826_Brain_GR181114_metadata.csv.gz,317
Vwf,0.012497397390459465,D14,GSM7060826_Brain_GR181114_metadata.csv.gz,317
Cav1,0.15710846209609153,D14,GSM7060826_Brain_GR181114_metadata.csv.gz,317
Plvap,0.0,D14,GSM7060826_Brain_GR181114_metadata.csv.gz,317
Ptprc,1.001513346090737e-17,D14,GSM7060826_Brain_GR181114_metadata.csv.gz,317
Aif1,1.8860946036353722e-18,D14,GSM7060826_Brain_GR181114_metadata.csv.gz,317
Pdgfrb,0.0,D14,GSM7060826_Brain_GR181114_metadata.csv.gz,317
Rgs5,0.291027889882344,D14,GSM7060826_Brain_GR181114_metadata.csv.gz,317
Gfap,0.0,D14,GSM7060826_Brain_GR181114_metadata.csv.gz,317
Cldn5,2.0072064618821015,Sham,GSM7060827_Brain_aged_GR210708_metadata.csv.gz,585
Pecam1,0.4268584061538463,Sham,GSM7060827_Brain_aged_GR210708_metadata.csv.gz,585
Cdh5,0.0969747567764842,Sham,GSM7060827_Brain_aged_GR210708_metadata.csv.gz,585
Kdr,0.16796919350427353,Sham,GSM7060827_Brain_aged_GR210708_metadata.csv.gz,585
Flt1,1.6006546039573104,Sham,GSM7060827_Brain_aged_GR210708_metadata.csv.gz,585
Tek,0.22237356495726507,Sham,GSM7060827_Brain_aged_GR210708_metadata.csv.gz,585
Slc2a1,0.5529869213675211,Sham,GSM7060827_Brain_aged_GR210708_metadata.csv.gz,585
Mfsd2a,0.08630433965811965,Sham,GSM7060827_Brain_aged_GR210708_metadata.csv.gz,585
Abcb1a,0.8102353049366072,Sham,GSM7060827_Brain_aged_GR210708_metadata.csv.gz,585
Abcg2,0.4168676813425542,Sham,GSM7060827_Brain_aged_GR210708_metadata.csv.gz,585
Tfrc,0.13319211777777776,Sham,GSM7060827_Brain_aged_GR210708_metadata.csv.gz,585
Slc7a5,0.10822929641025639,Sham,GSM7060827_Brain_aged_GR210708_metadata.csv.gz,585
Vwf,0.13884861897435893,Sham,GSM7060827_Brain_aged_GR210708_metadata.csv.gz,585
Cav1,0.12870227374093085,Sham,GSM7060827_Brain_aged_GR210708_metadata.csv.gz,585
Plvap,0.042105397777777775,Sham,GSM7060827_Brain_aged_GR210708_metadata.csv.gz,585
Ptprc,6.439012991452991e-19,Sham,GSM7060827_Brain_aged_GR210708_metadata.csv.gz,585
Aif1,0.00602007321028627,Sham,GSM7060827_Brain_aged_GR210708_metadata.csv.gz,585
Pdgfrb,0.0,Sham,GSM7060827_Brain_aged_GR210708_metadata.csv.gz,585
Rgs5,0.026067406837606836,Sham,GSM7060827_Brain_aged_GR210708_metadata.csv.gz,585
Gfap,0.0,Sham,GSM7060827_Brain_aged_GR210708_metadata.csv.gz,585
Aqp4,0.0,Sham,GSM7060827_Brain_aged_GR210708_metadata.csv.gz,585
Cldn5,1.0103518217440632,Sham,GSM7060828_Brain_aged_GR200728_metadata.csv.gz,238
Pecam1,0.34288317685827585,Sham,GSM7060828_Brain_aged_GR200728_metadata.csv.gz,238
Cdh5,0.054409682455108924,Sham,GSM7060828_Brain_aged_GR200728_metadata.csv.gz,238
Kdr,0.18028490744139128,Sham,GSM7060828_Brain_aged_GR200728_metadata.csv.gz,238
Flt1,1.666716817518842,Sham,GSM7060828_Brain_aged_GR200728_metadata.csv.gz,238
Tek,0.23064314278252473,Sham,GSM7060828_Brain_aged_GR200728_metadata.csv.gz,238
Slc2a1,0.47801858838824285,Sham,GSM7060828_Brain_aged_GR200728_metadata.csv.gz,238
Mfsd2a,0.06280350906362565,Sham,GSM7060828_Brain_aged_GR200728_metadata.csv.gz,238
Abcb1a,0.9380024409971576,Sham,GSM7060828_Brain_aged_GR200728_metadata.csv.gz,238
Abcg2,0.40605563301873404,Sham,GSM7060828_Brain_aged_GR200728_metadata.csv.gz,238
Tfrc,0.16744611107283155,Sham,GSM7060828_Brain_aged_GR200728_metadata.csv.gz,238
Slc7a5,0.07126957054924582,Sham,GSM7060828_Brain_aged_GR200728_metadata.csv.gz,238
Vwf,0.058606358467304644,Sham,GSM7060828_Brain_aged_GR200728_metadata.csv.gz,238
Cav1,0.2094896458800641,Sham,GSM7060828_Brain_aged_GR200728_metadata.csv.gz,238
Plvap,0.0,Sham,GSM7060828_Brain_aged_GR200728_metadata.csv.gz,238
Ptprc,2.432184458402802e-17,Sham,GSM7060828_Brain_aged_GR200728_metadata.csv.gz,238
Aif1,1.2775871887562299e-12,Sham,GSM7060828_Brain_aged_GR200728_metadata.csv.gz,238
Pdgfrb,0.0,Sham,GSM7060828_Brain_aged_GR200728_metadata.csv.gz,238
Rgs5,0.19232393472581474,Sham,GSM7060828_Brain_aged_GR200728_metadata.csv.gz,238
Gfap,0.0,Sham,GSM7060828_Brain_aged_GR200728_metadata.csv.gz,238
Aqp4,0.0,Sham,GSM7060828_Brain_aged_GR200728_metadata.csv.gz,238
Cldn5,1.3996523687682614,D02,GSM7060829_Brain_aged_GR200723_metadata.csv.gz,325
Pecam1,0.6536201424204234,D02,GSM7060829_Brain_aged_GR200723_metadata.csv.gz,325
Cdh5,0.16236786824964278,D02,GSM7060829_Brain_aged_GR200723_metadata.csv.gz,325
Kdr,0.19005147551377638,D02,GSM7060829_Brain_aged_GR200723_metadata.csv.gz,325
Flt1,1.2618684764386843,D02,GSM7060829_Brain_aged_GR200723_metadata.csv.gz,325
Tek,0.1375776938007336,D02,GSM7060829_Brain_aged_GR200723_metadata.csv.gz,325
Slc2a1,0.7683841112311448,D02,GSM7060829_Brain_aged_GR200723_metadata.csv.gz,325
Mfsd2a,0.03669875943440545,D02,GSM7060829_Brain_aged_GR200723_metadata.csv.gz,325
Abcb1a,0.6192766235166424,D02,GSM7060829_Brain_aged_GR200723_metadata.csv.gz,325
Abcg2,0.5548601817044716,D02,GSM7060829_Brain_aged_GR200723_metadata.csv.gz,325
Tfrc,0.14354953619712213,D02,GSM7060829_Brain_aged_GR200723_metadata.csv.gz,325
Slc7a5,0.01833881176445576,D02,GSM7060829_Brain_aged_GR200723_metadata.csv.gz,325
Vwf,0.2511586025747086,D02,GSM7060829_Brain_aged_GR200723_metadata.csv.gz,325
Cav1,0.1659607957417934,D02,GSM7060829_Brain_aged_GR200723_metadata.csv.gz,325
Plvap,0.02451281288080761,D02,GSM7060829_Brain_aged_GR200723_metadata.csv.gz,325
Ptprc,2.904777489193509e-17,D02,GSM7060829_Brain_aged_GR200723_metadata.csv.gz,325
Aif1,8.453608452201143e-15,D02,GSM7060829_Brain_aged_GR200723_metadata.csv.gz,325
Pdgfrb,0.003025425982498375,D02,GSM7060829_Brain_aged_GR200723_metadata.csv.gz,325
Rgs5,0.12826617872109533,D02,GSM7060829_Brain_aged_GR200723_metadata.csv.gz,325
Gfap,0.0,D02,GSM7060829_Brain_aged_GR200723_metadata.csv.gz,325
Aqp4,0.0,D02,GSM7060829_Brain_aged_GR200723_metadata.csv.gz,325
Cldn5,0.7835794147435228,D02,GSM7060830_Brain_aged_GR200716_metadata.csv.gz,219
Pecam1,0.5591298662323543,D02,GSM7060830_Brain_aged_GR200716_metadata.csv.gz,219
Cdh5,0.07282512087588011,D02,GSM7060830_Brain_aged_GR200716_metadata.csv.gz,219
Kdr,0.245672028608913,D02,GSM7060830_Brain_aged_GR200716_metadata.csv.gz,219
Flt1,1.0899855158928298,D02,GSM7060830_Brain_aged_GR200716_metadata.csv.gz,219
Tek,0.18669736564533967,D02,GSM7060830_Brain_aged_GR200716_metadata.csv.gz,219
Slc2a1,0.3993314466941565,D02,GSM7060830_Brain_aged_GR200716_metadata.csv.gz,219
Mfsd2a,0.03641398463466318,D02,GSM7060830_Brain_aged_GR200716_metadata.csv.gz,219
Abcb1a,0.5505010564614436,D02,GSM7060830_Brain_aged_GR200716_metadata.csv.gz,219
Abcg2,0.3352137298776211,D02,GSM7060830_Brain_aged_GR200716_metadata.csv.gz,219
Tfrc,0.06335485962785614,D02,GSM7060830_Brain_aged_GR200716_metadata.csv.gz,219
Slc7a5,0.013378133727758503,D02,GSM7060830_Brain_aged_GR200716_metadata.csv.gz,219
Vwf,0.14060613849319328,D02,GSM7060830_Brain_aged_GR200716_metadata.csv.gz,219
Cav1,0.19570670608285426,D02,GSM7060830_Brain_aged_GR200716_metadata.csv.gz,219
Plvap,0.01350947953905537,D02,GSM7060830_Brain_aged_GR200716_metadata.csv.gz,219
Ptprc,3.309216816908492e-17,D02,GSM7060830_Brain_aged_GR200716_metadata.csv.gz,219
Aif1,6.615273366107808e-19,D02,GSM7060830_Brain_aged_GR200716_metadata.csv.gz,219
Pdgfrb,0.0,D02,GSM7060830_Brain_aged_GR200716_metadata.csv.gz,219
Rgs5,0.16334990218201645,D02,GSM7060830_Brain_aged_GR200716_metadata.csv.gz,219
Gfap,0.0,D02,GSM7060830_Brain_aged_GR200716_metadata.csv.gz,219
Aqp4,0.0,D02,GSM7060830_Brain_aged_GR200716_metadata.csv.gz,219
Cldn5,2.2351177440137104,D02,GSM7060831_Brain_aged_GR210225_metadata.csv.gz,204
Pecam1,0.8211789397058823,D02,GSM7060831_Brain_aged_GR210225_metadata.csv.gz,204
Cdh5,0.24950676465856825,D02,GSM7060831_Brain_aged_GR210225_metadata.csv.gz,204
Kdr,0.26399154705882355,D02,GSM7060831_Brain_aged_GR210225_metadata.csv.gz,204
Flt1,1.6663964959939819,D02,GSM7060831_Brain_aged_GR210225_metadata.csv.gz,204
Tek,0.19556070539215684,D02,GSM7060831_Brain_aged_GR210225_metadata.csv.gz,204
Slc2a1,1.3153607735294117,D02,GSM7060831_Brain_aged_GR210225_metadata.csv.gz,204
Mfsd2a,0.04411764705882353,D02,GSM7060831_Brain_aged_GR210225_metadata.csv.gz,204
Abcb1a,0.806946772042271,D02,GSM7060831_Brain_aged_GR210225_metadata.csv.gz,204
Abcg2,0.40074030280649015,D02,GSM7060831_Brain_aged_GR210225_metadata.csv.gz,204
Tfrc,0.07784173676470588,D02,GSM7060831_Brain_aged_GR210225_metadata.csv.gz,204
Slc7a5,0.08797450735294117,D02,GSM7060831_Brain_aged_GR210225_metadata.csv.gz,204
Vwf,0.3165798161764707,D02,GSM7060831_Brain_aged_GR210225_metadata.csv.gz,204
Cav1,0.1802020035651159,D02,GSM7060831_Brain_aged_GR210225_metadata.csv.gz,204
Plvap,0.06854485294117647,D02,GSM7060831_Brain_aged_GR210225_metadata.csv.gz,204
Ptprc,0.0,D02,GSM7060831_Brain_aged_GR210225_metadata.csv.gz,204
Aif1,4.38270450942276e-18,D02,GSM7060831_Brain_aged_GR210225_metadata.csv.gz,204
Pdgfrb,0.004901960784313725,D02,GSM7060831_Brain_aged_GR210225_metadata.csv.gz,204
Rgs5,0.02444267254901961,D02,GSM7060831_Brain_aged_GR210225_metadata.csv.gz,204
Gfap,0.0,D02,GSM7060831_Brain_aged_GR210225_metadata.csv.gz,204
Aqp4,0.0,D02,GSM7060831_Brain_aged_GR210225_metadata.csv.gz,204
Cldn5,0.6750332814312413,D14,GSM7060832_Brain_aged_GR200812_metadata.csv.gz,176
Pecam1,0.24376122780570436,D14,GSM7060832_Brain_aged_GR200812_metadata.csv.gz,176
Cdh5,0.056583310821421005,D14,GSM7060832_Brain_aged_GR200812_metadata.csv.gz,176
Kdr,0.17016695236211812,D14,GSM7060832_Brain_aged_GR200812_metadata.csv.gz,176
Flt1,1.0995423904982127,D14,GSM7060832_Brain_aged_GR200812_metadata.csv.gz,176
Tek,0.16450316523429773,D14,GSM7060832_Brain_aged_GR200812_metadata.csv.gz,176
Slc2a1,0.44221219739211565,D14,GSM7060832_Brain_aged_GR200812_metadata.csv.gz,176
Mfsd2a,0.04536205629625128,D14,GSM7060832_Brain_aged_GR200812_metadata.csv.gz,176
Abcb1a,0.7487083345845987,D14,GSM7060832_Brain_aged_GR200812_metadata.csv.gz,176
Abcg2,0.294444597226105,D14,GSM7060832_Brain_aged_GR200812_metadata.csv.gz,176
Tfrc,0.1074989035677131,D14,GSM7060832_Brain_aged_GR200812_metadata.csv.gz,176
Slc7a5,0.06235292765086513,D14,GSM7060832_Brain_aged_GR200812_metadata.csv.gz,176
Vwf,0.07938841109249756,D14,GSM7060832_Brain_aged_GR200812_metadata.csv.gz,176
Cav1,0.1021343306601815,D14,GSM7060832_Brain_aged_GR200812_metadata.csv.gz,176
Plvap,0.0,D14,GSM7060832_Brain_aged_GR200812_metadata.csv.gz,176
Ptprc,0.01092960563693232,D14,GSM7060832_Brain_aged_GR200812_metadata.csv.gz,176
Aif1,5.841930019610126e-18,D14,GSM7060832_Brain_aged_GR200812_metadata.csv.gz,176
Pdgfrb,0.0,D14,GSM7060832_Brain_aged_GR200812_metadata.csv.gz,176
Rgs5,0.10195536985937864,D14,GSM7060832_Brain_aged_GR200812_metadata.csv.gz,176
Gfap,0.0,D14,GSM7060832_Brain_aged_GR200812_metadata.csv.gz,176
Aqp4,0.0,D14,GSM7060832_Brain_aged_GR200812_metadata.csv.gz,176
